Eb;ERb;EHb;Time_b;Vb;Lb;BodyWwb;BodyDwb;Ej;ERj;EHj;Time_j;Vj;Lj;BodyWwj;BodyDwj;Ep;ERp;EHp;Time_p;Vp;Lp;BodyWwp;BodyDwp;Ei;ERi;EHi;Time_i;Vi;Li;BodyWwi;BodyDwi
0.00000646337084934132;0;0.0000563;0;0.0000000215498546559079;0.0120807314955503;0.0000000218307174982702;0.00000000196476457484432;0.00467825224067997;0;0.0409000162484194;14;0.0000155979995903702;0.108467946511426;0.0000158012909150107;0.00000142211618235096;165.186974566621;0;1587.63016809662;241;0.550758323636295;3.55848773433465;0.557936448531099;0.0502142803677989;11348.1041023069;128438.96417617;1587.63016809662;4379;37.8362931353043;14.5740854179829;38.3294198408409;3.44964778567568
